nick,"engineering team","operations team","projects and community"
A_Dragon,y,n,y
Allie,n,n,y
amdj,y,y,n
Bahhumbug,n,n,y
bakerst,y,y,n
bastelfreak,n,y,n
ben,n,n,y
bigpresh,y,y,n
catte,n,n,n
coffee-cup,n,n,n
deedra,n,n,n
el,n,n,n
Freso,n,n,y
glguy,y,y,n
jess,y,n,n
jewel,n,n,n
JonathanD,n,n,n
jose,n,n,y
kline,y,n,y
marienz,n,n,n
md,n,y,n
mniip,y,n,y
moonmoon,n,n,y
mquin,n,y,y
nckx,n,n,n
nicole,y,n,y
niko,y,n,n
njan,n,n,y
richih,n,n,n
Sario,n,n,y
She,y,n,y
spb,y,n,n
stw,n,n,n
Stx,n,y,n
sued,n,n,n
Swant,y,n,y
tomaw,y,y,y
Unit193,n,y,y
